Task,Status,Notes,Verification
Nov_10_backup_analyzed,Complete,nov10-backup-analysis.md created,17 HTML files + robots.txt + sitemap.xml found
File_structure_documented,Complete,Complete file tree in analysis report,Public directory contains all static assets
Meta_tags_extracted,Complete,All primary meta tags documented,Homepage title: 75 chars / Description: 205 chars
SEO_elements_catalogued,Complete,nov10-seo-elements.csv created,58 SEO elements tracked for comparison
Robots_txt_verified,Complete,Allows all crawlers with sitemap declaration,Disallows dashboard.html and premium.html correctly
Sitemap_xml_verified,Complete,11 public pages listed with priorities,Homepage priority 1.0 / Legal pages 0.4-0.5
Structured_data_documented,Complete,WebApplication + FAQPage schemas present,Lines 41-175 in index.html
Heading_hierarchy_verified,Complete,Proper H1 > H2 > H3 > H4 structure,Single H1 per page (SEO best practice)
Public_directory_populated,Complete,All files copied from Nov 10 backup,17 HTML + CSS + JS + images + robots.txt + sitemap.xml
Deployment_notes_created,Complete,workers/DEPLOYMENT-NOTES.md explains Pages vs Workers,Cloudflare Pages recommended (NOT Workers)
Wrangler_config_created,Complete,wrangler-main.toml created (reference only),Pages deployment preferred over Workers
SEO_comparison_CSV_created,Complete,nov10-seo-elements.csv tracks before/after,Current_Status column will be filled post-deployment
All_files_follow_Jack_standards,Complete,Full paths + Action + Dependencies documented,All new files have proper headers
Architecture_decision_documented,Complete,Use Cloudflare Pages NOT Workers for static files,Nov 10 used Pages (proven working)
Nov_10_files_preserved_exactly,Complete,No modifications to original HTML/CSS/JS,Character-for-character exact copies
API_worker_separation_noted,Complete,API worker (api-d1.js) handles /api/* only,Separate deployment from static files
Domain_configuration_documented,Complete,Primary: mypasswordchecker.com / Redirects documented,Secondary domains redirect to primary
Ready_for_Phase_3,Pending,Do_not_deploy_yet - Phase 3 is deployment,Jack must verify all files first
